Laptops,Laptops,Desktop,Monitors,Computer Mice,Keyboard,Mouse and Keyboard Combo,Computer Headphones,Active Headphones,Computer Cords,Accessories,Speakers,Printers,Printer Ink,Computer Stands,Computer Tablets,External Hardrives,Smart Home Devices
LG Touchscreen Laptop,LG Touchscreen Laptop,Lenovo Desktop Computer,Acer Monitor,3-Button Mouse,HP USB Keyboard,Logitech MK550 Wireless Wave Keyboard and Mouse Combo,Zombie Gaming Headset,Apple Earpods,HDMI Cable 6ft,Microsoft Office Home and Student 2016,Cambridge Bluetooth Speaker,Epson Printer,Epson Black Ink,Halter Acrylic Monitor Stand,iPad,1TB Portable External Hard Drive,Apple TV
Acer Aspire,Acer Aspire,iMac,LG Monitor,Logitech Wireless Mouse,Logitech Wireless Keyboard,Logitech Desktop MK120 Mouse and keyboard Combo,Logitech ClearChat Headset,Monster Beats By Dr Dre,Ethernet Cable,Computer Game,JBL Splashproof Portable Bluetooth Speaker,HP Wireless Printer,HP Black & Tri-color Ink,Height-Adjustable Standing Desk,iPad Pro,2TB Portable External Hard Drive,Google Home
HP Laptop,HP Laptop,HP Desktop,ASUS Monitor,Microsoft Basic Optical Mouse,Rii LED Keyboard,Logitech MK270 Wireless Keyboard and Mouse Combo,Panasonic On-Ear Stereo Headphones RP-HT21,Otium Wireless Sports Bluetooth Headphones,Etekcity Power Extension Cord Cable,Belkin Mouse Pad,DOSS Touch Wireless Bluetooth,Canon Office Printer,Canon Ink,Multi Media Stand,Fire HD Tablet,5TB Desktop Hard Drive,Smart Light Bulb
ASUS Chromebook,ASUS Chromebook,ASUS Desktop,ASUS 2 Monitor,Logitech 3-button Mouse,Logitech Keyboard,Dell KM117 Wireless Keyboard & Mouse,PC Gaming Headset,Panasonic In-Ear Headphone,Audio Cable,Large Mouse Pad,Logitech Multimedia Speakers,Brother Printer,Brother Printer Toner,Halter Mesh Metal Monitor Stand,Samsung Galaxy Tab,Slim 2TB Portable External Hard Drive,Fire TV Stick
Apple Macbook Pro,Apple Macbook Pro,Dell Desktop,Dell Monitor,Redragon Gaming Mouse,Backlit LED Gaming Keyboard,EagleTec Wireless Combo Keyboard and Mouse,Kensington Headphones,APIE Bluetooth Headphones,VGA Monitor Cable,,Rokono Mini Speaker,DYMO Label Manker,DYMO Labeling Tape,Full Motion Monitor Mount,Kindle,3TB Portable External Hard Drive,Roku Express
Apple MacBook Air,Apple MacBook Air,Intel Desktop,Samsung Monitor,HP Wireless Mouse,Dell Wired Keyboard,Microsoft Wireless Comfort Keyboard and Mouse,Logitech Stereo Headset,Philips Flexible Earhook Headphones,iPhone Charger Cable,,Cyber Acoustics,,,,,,
Dell Laptop,Dell Laptop,Acer Desktop,Sceptre Monitor,Generic Black 3-Button,Apple Wired Keyboard,Microsoft Wireless Desktop Keyboard and Mouse,Koss Home Headphones,,HDMI Adapter,,Bose Companion Speakers,,,,,,
Eluktronics Pro Gaming Laptop,Eluktronics Pro Gaming Laptop,CYBERPOWER Gamer Desktop,ViewSonic Monitor,Wireless Portable Mouse,Apple Wireless Keyboard,Rii LED Gaming Keyboard & Mouse Combo,Microsoft Headset,,USB Cable,,Mackie CR Speakers,,,,,,
"Alienware AW17R4-7345SLV-PUS 17"" Laptop","Alienware AW17R4-7345SLV-PUS 17"" Laptop",Dell 2 Desktop,AOC Monitor,Gaming Mouse Professional,Apple Magic Keyboard,Logitech MK360 Wireless Keyboard and Mouse Combo,Ailihen Stereo Headphones,,Samsung Charging Cable,,Sonos,,,,,,
HP Notebook Touchscreen Laptop PC,HP Notebook Touchscreen Laptop PC,,HP Monitor,Slim Wireless Mouse,,,XIBERIA Gaming Headset,,,,,,,,,,
Desktop,,,,,,,,,,,,,,,,,
Lenovo Desktop Computer,,,,,,,,,,,,,,,,,
iMac,,,,,,,,,,,,,,,,,
HP Desktop,,,,,,,,,,,,,,,,,
ASUS Desktop,,,,,,,,,,,,,,,,,
Dell Desktop,,,,,,,,,,,,,,,,,
Intel Desktop,,,,,,,,,,,,,,,,,
Acer Desktop,,,,,,,,,,,,,,,,,
CYBERPOWER Gamer Desktop,,,,,,,,,,,,,,,,,
Dell 2 Desktop,,,,,,,,,,,,,,,,,
Monitors,,,,,,,,,,,,,,,,,
Acer Monitor,,,,,,,,,,,,,,,,,
LG Monitor,,,,,,,,,,,,,,,,,
ASUS Monitor,,,,,,,,,,,,,,,,,
ASUS 2 Monitor,,,,,,,,,,,,,,,,,
Dell Monitor,,,,,,,,,,,,,,,,,
Samsung Monitor,,,,,,,,,,,,,,,,,
Sceptre Monitor,,,,,,,,,,,,,,,,,
ViewSonic Monitor,,,,,,,,,,,,,,,,,
AOC Monitor,,,,,,,,,,,,,,,,,
HP Monitor,,,,,,,,,,,,,,,,,
Computer Mice,,,,,,,,,,,,,,,,,
3-Button Mouse,,,,,,,,,,,,,,,,,
Logitech Wireless Mouse,,,,,,,,,,,,,,,,,
Microsoft Basic Optical Mouse,,,,,,,,,,,,,,,,,
Logitech 3-button Mouse,,,,,,,,,,,,,,,,,
Redragon Gaming Mouse,,,,,,,,,,,,,,,,,
HP Wireless Mouse,,,,,,,,,,,,,,,,,
Generic Black 3-Button,,,,,,,,,,,,,,,,,
Wireless Portable Mouse,,,,,,,,,,,,,,,,,
Gaming Mouse Professional,,,,,,,,,,,,,,,,,
Slim Wireless Mouse,,,,,,,,,,,,,,,,,
Keyboard,,,,,,,,,,,,,,,,,
HP USB Keyboard,,,,,,,,,,,,,,,,,
Logitech Wireless Keyboard,,,,,,,,,,,,,,,,,
Rii LED Keyboard,,,,,,,,,,,,,,,,,
Logitech Keyboard,,,,,,,,,,,,,,,,,
Backlit LED Gaming Keyboard,,,,,,,,,,,,,,,,,
Dell Wired Keyboard,,,,,,,,,,,,,,,,,
Apple Wired Keyboard,,,,,,,,,,,,,,,,,
Apple Wireless Keyboard,,,,,,,,,,,,,,,,,
Apple Magic Keyboard,,,,,,,,,,,,,,,,,
Mouse and Keyboard Combo,,,,,,,,,,,,,,,,,
Logitech MK550 Wireless Wave Keyboard and Mouse Combo,,,,,,,,,,,,,,,,,
Logitech Desktop MK120 Mouse and keyboard Combo,,,,,,,,,,,,,,,,,
Logitech MK270 Wireless Keyboard and Mouse Combo,,,,,,,,,,,,,,,,,
Dell KM117 Wireless Keyboard & Mouse,,,,,,,,,,,,,,,,,
EagleTec Wireless Combo Keyboard and Mouse,,,,,,,,,,,,,,,,,
Microsoft Wireless Comfort Keyboard and Mouse,,,,,,,,,,,,,,,,,
Microsoft Wireless Desktop Keyboard and Mouse,,,,,,,,,,,,,,,,,
Rii LED Gaming Keyboard & Mouse Combo,,,,,,,,,,,,,,,,,
Logitech MK360 Wireless Keyboard and Mouse Combo,,,,,,,,,,,,,,,,,
Computer Headphones,,,,,,,,,,,,,,,,,
Zombie Gaming Headset,,,,,,,,,,,,,,,,,
Logitech ClearChat Headset,,,,,,,,,,,,,,,,,
Panasonic On-Ear Stereo Headphones RP-HT21,,,,,,,,,,,,,,,,,
PC Gaming Headset,,,,,,,,,,,,,,,,,
Kensington Headphones,,,,,,,,,,,,,,,,,
Logitech Stereo Headset,,,,,,,,,,,,,,,,,
Koss Home Headphones,,,,,,,,,,,,,,,,,
Microsoft Headset,,,,,,,,,,,,,,,,,
Ailihen Stereo Headphones,,,,,,,,,,,,,,,,,
XIBERIA Gaming Headset,,,,,,,,,,,,,,,,,
Active Headphones,,,,,,,,,,,,,,,,,
Apple Earpods,,,,,,,,,,,,,,,,,
Monster Beats By Dr Dre,,,,,,,,,,,,,,,,,
Otium Wireless Sports Bluetooth Headphones,,,,,,,,,,,,,,,,,
Panasonic In-Ear Headphone,,,,,,,,,,,,,,,,,
APIE Bluetooth Headphones,,,,,,,,,,,,,,,,,
Philips Flexible Earhook Headphones,,,,,,,,,,,,,,,,,
Computer Cords,,,,,,,,,,,,,,,,,
HDMI Cable 6ft,,,,,,,,,,,,,,,,,
Ethernet Cable,,,,,,,,,,,,,,,,,
Etekcity Power Extension Cord Cable,,,,,,,,,,,,,,,,,
Audio Cable,,,,,,,,,,,,,,,,,
VGA Monitor Cable,,,,,,,,,,,,,,,,,
iPhone Charger Cable,,,,,,,,,,,,,,,,,
HDMI Adapter,,,,,,,,,,,,,,,,,
USB Cable,,,,,,,,,,,,,,,,,
Samsung Charging Cable,,,,,,,,,,,,,,,,,
Accessories,,,,,,,,,,,,,,,,,
Microsoft Office Home and Student 2016,,,,,,,,,,,,,,,,,
Computer Game,,,,,,,,,,,,,,,,,
Belkin Mouse Pad,,,,,,,,,,,,,,,,,
Large Mouse Pad,,,,,,,,,,,,,,,,,
Speakers,,,,,,,,,,,,,,,,,
Cambridge Bluetooth Speaker,,,,,,,,,,,,,,,,,
JBL Splashproof Portable Bluetooth Speaker,,,,,,,,,,,,,,,,,
DOSS Touch Wireless Bluetooth,,,,,,,,,,,,,,,,,
Logitech Multimedia Speakers,,,,,,,,,,,,,,,,,
Rokono Mini Speaker,,,,,,,,,,,,,,,,,
Cyber Acoustics,,,,,,,,,,,,,,,,,
Bose Companion Speakers,,,,,,,,,,,,,,,,,
Mackie CR Speakers,,,,,,,,,,,,,,,,,
Sonos,,,,,,,,,,,,,,,,,
Printers,,,,,,,,,,,,,,,,,
Epson Printer,,,,,,,,,,,,,,,,,
HP Wireless Printer,,,,,,,,,,,,,,,,,
Canon Office Printer,,,,,,,,,,,,,,,,,
Brother Printer,,,,,,,,,,,,,,,,,
DYMO Label Manker,,,,,,,,,,,,,,,,,
Printer Ink,,,,,,,,,,,,,,,,,
Epson Black Ink,,,,,,,,,,,,,,,,,
HP Black & Tri-color Ink,,,,,,,,,,,,,,,,,
Canon Ink,,,,,,,,,,,,,,,,,
Brother Printer Toner,,,,,,,,,,,,,,,,,
DYMO Labeling Tape,,,,,,,,,,,,,,,,,
Computer Stands,,,,,,,,,,,,,,,,,
Halter Acrylic Monitor Stand,,,,,,,,,,,,,,,,,
Height-Adjustable Standing Desk,,,,,,,,,,,,,,,,,
Multi Media Stand,,,,,,,,,,,,,,,,,
Halter Mesh Metal Monitor Stand,,,,,,,,,,,,,,,,,
Full Motion Monitor Mount,,,,,,,,,,,,,,,,,
Computer Tablets,,,,,,,,,,,,,,,,,
iPad,,,,,,,,,,,,,,,,,
iPad Pro,,,,,,,,,,,,,,,,,
Fire HD Tablet,,,,,,,,,,,,,,,,,
Samsung Galaxy Tab,,,,,,,,,,,,,,,,,
Kindle,,,,,,,,,,,,,,,,,
External Hardrives,,,,,,,,,,,,,,,,,
1TB Portable External Hard Drive,,,,,,,,,,,,,,,,,
2TB Portable External Hard Drive,,,,,,,,,,,,,,,,,
5TB Desktop Hard Drive,,,,,,,,,,,,,,,,,
Slim 2TB Portable External Hard Drive,,,,,,,,,,,,,,,,,
3TB Portable External Hard Drive,,,,,,,,,,,,,,,,,
Smart Home Devices,,,,,,,,,,,,,,,,,
Apple TV,,,,,,,,,,,,,,,,,
Google Home,,,,,,,,,,,,,,,,,
Smart Light Bulb,,,,,,,,,,,,,,,,,
Fire TV Stick,,,,,,,,,,,,,,,,,
Roku Express,,,,,,,,,,,,,,,,,